{"nodes":{"node:1":{"location":{"x":-271,"y":-36}}},"selection":null,"view":{"scroll":{"x":-400.957366943359375,"y":-142.205291748046875},"visible_rect":{"max":{"x":294.1041259765625,"y":456.649810791015625},"min":{"x":-323.039581298828125,"y":-114.570625305175781}},"zoom":1.24120199680328369}}